model,user_session,perturbation,level,value,seed,landmark_mm,fingertip_mm,dropped_channels,user,source_file,landmark_clean_mm,landmark_pct,fingertip_clean_mm,fingertip_pct
neuropose,d387095792,noise,mild,0.1000,0.0000,19.8054,32.4487,,U1,final_neuropose_user1.csv,18.9461,4.5354,30.8150,5.3017
neuropose,d387095792,noise,mild,0.1000,1.0000,19.8313,32.4980,,U1,final_neuropose_user1.csv,18.9461,4.6720,30.8150,5.4616
neuropose,d387095792,noise,mild,0.1000,2.0000,19.8251,32.5012,,U1,final_neuropose_user1.csv,18.9461,4.6396,30.8150,5.4721
neuropose,d387095792,noise,mild,0.1000,3.0000,19.8216,32.4939,,U1,final_neuropose_user1.csv,18.9461,4.6209,30.8150,5.4484
neuropose,d387095792,noise,mild,0.1000,4.0000,19.8191,32.4726,,U1,final_neuropose_user1.csv,18.9461,4.6080,30.8150,5.3793
neuropose,d387095792,noise,moderate,0.3000,0.0000,23.7624,39.8915,,U1,final_neuropose_user1.csv,18.9461,25.4211,30.8150,29.4548
neuropose,d387095792,noise,moderate,0.3000,1.0000,23.7949,39.9693,,U1,final_neuropose_user1.csv,18.9461,25.5927,30.8150,29.7073
neuropose,d387095792,noise,moderate,0.3000,2.0000,23.8181,40.0079,,U1,final_neuropose_user1.csv,18.9461,25.7153,30.8150,29.8325
neuropose,d387095792,noise,moderate,0.3000,3.0000,23.7633,39.9120,,U1,final_neuropose_user1.csv,18.9461,25.4258,30.8150,29.5213
neuropose,d387095792,noise,moderate,0.3000,4.0000,23.7901,39.9485,,U1,final_neuropose_user1.csv,18.9461,25.5670,30.8150,29.6397
neuropose,d387095792,noise,severe,0.6000,0.0000,28.6837,48.8002,,U1,final_neuropose_user1.csv,18.9461,51.3961,30.8150,58.3651
neuropose,d387095792,noise,severe,0.6000,1.0000,28.6523,48.7211,,U1,final_neuropose_user1.csv,18.9461,51.2308,30.8150,58.1082
neuropose,d387095792,noise,severe,0.6000,2.0000,28.6747,48.7754,,U1,final_neuropose_user1.csv,18.9461,51.3488,30.8150,58.2844
neuropose,d387095792,noise,severe,0.6000,3.0000,28.6726,48.7723,,U1,final_neuropose_user1.csv,18.9461,51.3377,30.8150,58.2745
neuropose,d387095792,noise,severe,0.6000,4.0000,28.6973,48.8122,,U1,final_neuropose_user1.csv,18.9461,51.4681,30.8150,58.4041
neuropose,d387095792,dropout,mild,1.0000,0.0000,19.2928,31.5512,13,U1,final_neuropose_user1.csv,18.9461,1.8299,30.8150,2.3890
neuropose,d387095792,dropout,mild,1.0000,1.0000,20.6724,33.9258,7,U1,final_neuropose_user1.csv,18.9461,9.1118,30.8150,10.0949
neuropose,d387095792,dropout,mild,1.0000,2.0000,19.2928,31.5512,13,U1,final_neuropose_user1.csv,18.9461,1.8299,30.8150,2.3890
neuropose,d387095792,dropout,mild,1.0000,3.0000,19.0501,31.1496,12,U1,final_neuropose_user1.csv,18.9461,0.5487,30.8150,1.0859
neuropose,d387095792,dropout,mild,1.0000,4.0000,18.8908,30.7082,11,U1,final_neuropose_user1.csv,18.9461,-0.2921,30.8150,-0.3467
neuropose,d387095792,dropout,moderate,2.0000,0.0000,21.1563,34.7351,"10,12",U1,final_neuropose_user1.csv,18.9461,11.6658,30.8150,12.7212
neuropose,d387095792,dropout,moderate,2.0000,1.0000,23.3895,38.1731,"7,8",U1,final_neuropose_user1.csv,18.9461,23.4531,30.8150,23.8782
neuropose,d387095792,dropout,moderate,2.0000,2.0000,20.0026,32.7438,"4,12",U1,final_neuropose_user1.csv,18.9461,5.5764,30.8150,6.2592
neuropose,d387095792,dropout,moderate,2.0000,3.0000,19.7534,32.5689,"1,12",U1,final_neuropose_user1.csv,18.9461,4.2611,30.8150,5.6915
neuropose,d387095792,dropout,moderate,2.0000,4.0000,20.2709,32.7754,"10,15",U1,final_neuropose_user1.csv,18.9461,6.9926,30.8150,6.3617
neuropose,d387095792,dropout,severe,4.0000,0.0000,24.7683,40.8051,"4,7,8,11",U1,final_neuropose_user1.csv,18.9461,30.7305,30.8150,32.4195
neuropose,d387095792,dropout,severe,4.0000,1.0000,23.6193,39.2548,"6,7,11,15",U1,final_neuropose_user1.csv,18.9461,24.6656,30.8150,27.3886
neuropose,d387095792,dropout,severe,4.0000,2.0000,25.1131,40.7067,"1,3,4,10",U1,final_neuropose_user1.csv,18.9461,32.5503,30.8150,32.1002
neuropose,d387095792,dropout,severe,4.0000,3.0000,25.6508,41.9132,"1,2,3,10",U1,final_neuropose_user1.csv,18.9461,35.3882,30.8150,36.0155
neuropose,d387095792,dropout,severe,4.0000,4.0000,27.2714,45.6184,"8,9,13,14",U1,final_neuropose_user1.csv,18.9461,43.9421,30.8150,48.0395
neuropose,d387095792,amplitude,mild,0.7500,,19.0830,30.9297,,U1,final_neuropose_user1.csv,18.9461,0.7227,30.8150,0.3721
neuropose,d387095792,amplitude,moderate,0.5000,,19.9919,32.5268,,U1,final_neuropose_user1.csv,18.9461,5.5201,30.8150,5.5551
neuropose,d387095792,amplitude,severe,0.2500,,22.4516,37.0731,,U1,final_neuropose_user1.csv,18.9461,18.5025,30.8150,20.3086
neuropose,d387095792,temporal_shift,mild,40.0000,,18.9750,30.8376,,U1,final_neuropose_user1.csv,18.9461,0.1523,30.8150,0.0735
neuropose,d387095792,temporal_shift,moderate,100.0000,,19.2273,31.2766,,U1,final_neuropose_user1.csv,18.9461,1.4844,30.8150,1.4978
neuropose,d387095792,temporal_shift,severe,200.0000,,20.5863,33.7372,,U1,final_neuropose_user1.csv,18.9461,8.6569,30.8150,9.4830
neuropose,29ddab35d7,noise,mild,0.1000,0.0000,21.3305,35.9308,,U2,final_neuropose_user2.csv,20.1574,5.8199,33.6643,6.7326
neuropose,29ddab35d7,noise,mild,0.1000,1.0000,21.3458,35.9332,,U2,final_neuropose_user2.csv,20.1574,5.8956,33.6643,6.7398
neuropose,29ddab35d7,noise,mild,0.1000,2.0000,21.3513,35.9312,,U2,final_neuropose_user2.csv,20.1574,5.9230,33.6643,6.7338
neuropose,29ddab35d7,noise,mild,0.1000,3.0000,21.3314,35.9088,,U2,final_neuropose_user2.csv,20.1574,5.8239,33.6643,6.6673
neuropose,29ddab35d7,noise,mild,0.1000,4.0000,21.3471,35.9365,,U2,final_neuropose_user2.csv,20.1574,5.9021,33.6643,6.7497
neuropose,29ddab35d7,noise,moderate,0.3000,0.0000,23.7032,40.0784,,U2,final_neuropose_user2.csv,20.1574,17.5905,33.6643,19.0532
neuropose,29ddab35d7,noise,moderate,0.3000,1.0000,23.7469,40.1542,,U2,final_neuropose_user2.csv,20.1574,17.8072,33.6643,19.2784
neuropose,29ddab35d7,noise,moderate,0.3000,2.0000,23.5356,39.8130,,U2,final_neuropose_user2.csv,20.1574,16.7589,33.6643,18.2647
neuropose,29ddab35d7,noise,moderate,0.3000,3.0000,23.6144,39.9387,,U2,final_neuropose_user2.csv,20.1574,17.1497,33.6643,18.6383
neuropose,29ddab35d7,noise,moderate,0.3000,4.0000,23.6631,39.9879,,U2,final_neuropose_user2.csv,20.1574,17.3914,33.6643,18.7843
neuropose,29ddab35d7,noise,severe,0.6000,0.0000,25.3997,43.4364,,U2,final_neuropose_user2.csv,20.1574,26.0069,33.6643,29.0283
neuropose,29ddab35d7,noise,severe,0.6000,1.0000,25.4800,43.5742,,U2,final_neuropose_user2.csv,20.1574,26.4049,33.6643,29.4376
neuropose,29ddab35d7,noise,severe,0.6000,2.0000,25.3497,43.3429,,U2,final_neuropose_user2.csv,20.1574,25.7589,33.6643,28.7505
neuropose,29ddab35d7,noise,severe,0.6000,3.0000,25.3599,43.3490,,U2,final_neuropose_user2.csv,20.1574,25.8091,33.6643,28.7687
neuropose,29ddab35d7,noise,severe,0.6000,4.0000,25.4477,43.4709,,U2,final_neuropose_user2.csv,20.1574,26.2448,33.6643,29.1308
neuropose,29ddab35d7,dropout,mild,1.0000,0.0000,20.7737,34.6209,13,U2,final_neuropose_user2.csv,20.1574,3.0572,33.6643,2.8417
neuropose,29ddab35d7,dropout,mild,1.0000,1.0000,21.1030,35.7162,7,U2,final_neuropose_user2.csv,20.1574,4.6910,33.6643,6.0954
neuropose,29ddab35d7,dropout,mild,1.0000,2.0000,20.7737,34.6209,13,U2,final_neuropose_user2.csv,20.1574,3.0572,33.6643,2.8417
neuropose,29ddab35d7,dropout,mild,1.0000,3.0000,20.7783,34.5148,12,U2,final_neuropose_user2.csv,20.1574,3.0801,33.6643,2.5265
neuropose,29ddab35d7,dropout,mild,1.0000,4.0000,20.9583,35.1361,11,U2,final_neuropose_user2.csv,20.1574,3.9732,33.6643,4.3720
neuropose,29ddab35d7,dropout,moderate,2.0000,0.0000,21.9516,36.8212,"10,12",U2,final_neuropose_user2.csv,20.1574,8.9007,33.6643,9.3777
neuropose,29ddab35d7,dropout,moderate,2.0000,1.0000,21.6755,36.9196,"7,8",U2,final_neuropose_user2.csv,20.1574,7.5311,33.6643,9.6701
neuropose,29ddab35d7,dropout,moderate,2.0000,2.0000,22.1493,37.4189,"4,12",U2,final_neuropose_user2.csv,20.1574,9.8815,33.6643,11.1533
neuropose,29ddab35d7,dropout,moderate,2.0000,3.0000,21.2171,35.3618,"1,12",U2,final_neuropose_user2.csv,20.1574,5.2570,33.6643,5.0426
neuropose,29ddab35d7,dropout,moderate,2.0000,4.0000,21.4733,36.1954,"10,15",U2,final_neuropose_user2.csv,20.1574,6.5279,33.6643,7.5188
neuropose,29ddab35d7,dropout,severe,4.0000,0.0000,24.9868,43.4974,"4,7,8,11",U2,final_neuropose_user2.csv,20.1574,23.9586,33.6643,29.2093
neuropose,29ddab35d7,dropout,severe,4.0000,1.0000,24.7286,43.3814,"6,7,11,15",U2,final_neuropose_user2.csv,20.1574,22.6774,33.6643,28.8649
neuropose,29ddab35d7,dropout,severe,4.0000,2.0000,27.4977,47.0001,"1,3,4,10",U2,final_neuropose_user2.csv,20.1574,36.4150,33.6643,39.6141
neuropose,29ddab35d7,dropout,severe,4.0000,3.0000,25.5671,43.6789,"1,2,3,10",U2,final_neuropose_user2.csv,20.1574,26.8374,33.6643,29.7485
neuropose,29ddab35d7,dropout,severe,4.0000,4.0000,24.4504,41.9785,"8,9,13,14",U2,final_neuropose_user2.csv,20.1574,21.2975,33.6643,24.6975
neuropose,29ddab35d7,amplitude,mild,0.7500,,20.1902,33.8183,,U2,final_neuropose_user2.csv,20.1574,0.1627,33.6643,0.4576
neuropose,29ddab35d7,amplitude,moderate,0.5000,,20.3691,34.2150,,U2,final_neuropose_user2.csv,20.1574,1.0503,33.6643,1.6359
neuropose,29ddab35d7,amplitude,severe,0.2500,,20.9466,35.2672,,U2,final_neuropose_user2.csv,20.1574,3.9150,33.6643,4.7615
neuropose,29ddab35d7,temporal_shift,mild,40.0000,,20.2297,33.7950,,U2,final_neuropose_user2.csv,20.1574,0.3587,33.6643,0.3884
neuropose,29ddab35d7,temporal_shift,moderate,100.0000,,20.5658,34.3987,,U2,final_neuropose_user2.csv,20.1574,2.0262,33.6643,2.1817
neuropose,29ddab35d7,temporal_shift,severe,200.0000,,21.3292,35.7783,,U2,final_neuropose_user2.csv,20.1574,5.8132,33.6643,6.2798
vemg2pose,d387095792,noise,mild,0.1000,0.0000,16.9790,27.6939,,U1,final_vemg2pose_user1.csv,16.5590,2.5364,27.0511,2.3763
vemg2pose,d387095792,noise,mild,0.1000,1.0000,16.9706,27.6701,,U1,final_vemg2pose_user1.csv,16.5590,2.4860,27.0511,2.2884
vemg2pose,d387095792,noise,mild,0.1000,2.0000,16.9573,27.6604,,U1,final_vemg2pose_user1.csv,16.5590,2.4053,27.0511,2.2525
vemg2pose,d387095792,noise,mild,0.1000,3.0000,16.9589,27.6548,,U1,final_vemg2pose_user1.csv,16.5590,2.4154,27.0511,2.2316
vemg2pose,d387095792,noise,mild,0.1000,4.0000,16.9556,27.6598,,U1,final_vemg2pose_user1.csv,16.5590,2.3950,27.0511,2.2504
vemg2pose,d387095792,noise,moderate,0.3000,0.0000,18.8175,30.8493,,U1,final_vemg2pose_user1.csv,16.5590,13.6395,27.0511,14.0411
vemg2pose,d387095792,noise,moderate,0.3000,1.0000,18.9724,31.1322,,U1,final_vemg2pose_user1.csv,16.5590,14.5751,27.0511,15.0867
vemg2pose,d387095792,noise,moderate,0.3000,2.0000,18.9764,31.0893,,U1,final_vemg2pose_user1.csv,16.5590,14.5987,27.0511,14.9280
vemg2pose,d387095792,noise,moderate,0.3000,3.0000,18.9288,31.0780,,U1,final_vemg2pose_user1.csv,16.5590,14.3117,27.0511,14.8864
vemg2pose,d387095792,noise,moderate,0.3000,4.0000,18.9576,31.0824,,U1,final_vemg2pose_user1.csv,16.5590,14.4855,27.0511,14.9028
vemg2pose,d387095792,noise,severe,0.6000,0.0000,21.3853,35.1801,,U1,final_vemg2pose_user1.csv,16.5590,29.1466,27.0511,30.0507
vemg2pose,d387095792,noise,severe,0.6000,1.0000,21.5391,35.4646,,U1,final_vemg2pose_user1.csv,16.5590,30.0751,27.0511,31.1023
vemg2pose,d387095792,noise,severe,0.6000,2.0000,21.5014,35.3296,,U1,final_vemg2pose_user1.csv,16.5590,29.8474,27.0511,30.6035
vemg2pose,d387095792,noise,severe,0.6000,3.0000,21.4669,35.3447,,U1,final_vemg2pose_user1.csv,16.5590,29.6394,27.0511,30.6591
vemg2pose,d387095792,noise,severe,0.6000,4.0000,21.3414,35.1543,,U1,final_vemg2pose_user1.csv,16.5590,28.8810,27.0511,29.9554
vemg2pose,d387095792,dropout,mild,1.0000,0.0000,16.7718,27.2742,13,U1,final_vemg2pose_user1.csv,16.5590,1.2851,27.0511,0.8248
vemg2pose,d387095792,dropout,mild,1.0000,1.0000,18.1337,29.6987,7,U1,final_vemg2pose_user1.csv,16.5590,9.5099,27.0511,9.7875
vemg2pose,d387095792,dropout,mild,1.0000,2.0000,16.7718,27.2742,13,U1,final_vemg2pose_user1.csv,16.5590,1.2851,27.0511,0.8248
vemg2pose,d387095792,dropout,mild,1.0000,3.0000,16.8459,27.4972,12,U1,final_vemg2pose_user1.csv,16.5590,1.7327,27.0511,1.6493
vemg2pose,d387095792,dropout,mild,1.0000,4.0000,16.8005,27.3632,11,U1,final_vemg2pose_user1.csv,16.5590,1.4589,27.0511,1.1540
vemg2pose,d387095792,dropout,moderate,2.0000,0.0000,18.8174,30.8410,"10,12",U1,final_vemg2pose_user1.csv,16.5590,13.6385,27.0511,14.0104
vemg2pose,d387095792,dropout,moderate,2.0000,1.0000,21.5534,35.2505,"7,8",U1,final_vemg2pose_user1.csv,16.5590,30.1616,27.0511,30.3108
vemg2pose,d387095792,dropout,moderate,2.0000,2.0000,18.0601,29.3540,"4,12",U1,final_vemg2pose_user1.csv,16.5590,9.0654,27.0511,8.5133
vemg2pose,d387095792,dropout,moderate,2.0000,3.0000,17.9399,29.5753,"1,12",U1,final_vemg2pose_user1.csv,16.5590,8.3398,27.0511,9.3315
vemg2pose,d387095792,dropout,moderate,2.0000,4.0000,18.3017,29.8651,"10,15",U1,final_vemg2pose_user1.csv,16.5590,10.5244,27.0511,10.4027
vemg2pose,d387095792,dropout,severe,4.0000,0.0000,22.8880,37.4815,"4,7,8,11",U1,final_vemg2pose_user1.csv,16.5590,38.2211,27.0511,38.5581
vemg2pose,d387095792,dropout,severe,4.0000,1.0000,20.8449,33.9883,"6,7,11,15",U1,final_vemg2pose_user1.csv,16.5590,25.8829,27.0511,25.6448
vemg2pose,d387095792,dropout,severe,4.0000,2.0000,23.3826,38.3581,"1,3,4,10",U1,final_vemg2pose_user1.csv,16.5590,41.2083,27.0511,41.7987
vemg2pose,d387095792,dropout,severe,4.0000,3.0000,22.0062,36.2981,"1,2,3,10",U1,final_vemg2pose_user1.csv,16.5590,32.8959,27.0511,34.1837
vemg2pose,d387095792,dropout,severe,4.0000,4.0000,24.1934,39.5101,"8,9,13,14",U1,final_vemg2pose_user1.csv,16.5590,46.1045,27.0511,46.0575
vemg2pose,d387095792,amplitude,mild,0.7500,,16.6087,27.0910,,U1,final_vemg2pose_user1.csv,16.5590,0.3004,27.0511,0.1477
vemg2pose,d387095792,amplitude,moderate,0.5000,,17.1744,27.9782,,U1,final_vemg2pose_user1.csv,16.5590,3.7167,27.0511,3.4272
vemg2pose,d387095792,amplitude,severe,0.2500,,19.7051,32.1600,,U1,final_vemg2pose_user1.csv,16.5590,18.9999,27.0511,18.8862
vemg2pose,d387095792,temporal_shift,mild,40.0000,,16.7377,27.3853,,U1,final_vemg2pose_user1.csv,16.5590,1.0791,27.0511,1.2354
vemg2pose,d387095792,temporal_shift,moderate,100.0000,,17.7262,29.1759,,U1,final_vemg2pose_user1.csv,16.5590,7.0488,27.0511,7.8548
vemg2pose,d387095792,temporal_shift,severe,200.0000,,20.1032,33.3072,,U1,final_vemg2pose_user1.csv,16.5590,21.4034,27.0511,23.1272
vemg2pose,29ddab35d7,noise,mild,0.1000,0.0000,18.8672,31.2222,,U2,final_vemg2pose_user2.csv,18.6298,1.2743,30.7020,1.6943
vemg2pose,29ddab35d7,noise,mild,0.1000,1.0000,18.9198,31.3240,,U2,final_vemg2pose_user2.csv,18.6298,1.5567,30.7020,2.0259
vemg2pose,29ddab35d7,noise,mild,0.1000,2.0000,18.9563,31.3824,,U2,final_vemg2pose_user2.csv,18.6298,1.7524,30.7020,2.2161
vemg2pose,29ddab35d7,noise,mild,0.1000,3.0000,18.9059,31.3079,,U2,final_vemg2pose_user2.csv,18.6298,1.4817,30.7020,1.9734
vemg2pose,29ddab35d7,noise,mild,0.1000,4.0000,18.9431,31.3570,,U2,final_vemg2pose_user2.csv,18.6298,1.6813,30.7020,2.1335
vemg2pose,29ddab35d7,noise,moderate,0.3000,0.0000,19.9465,33.3657,,U2,final_vemg2pose_user2.csv,18.6298,7.0676,30.7020,8.6760
vemg2pose,29ddab35d7,noise,moderate,0.3000,1.0000,20.0565,33.5791,,U2,final_vemg2pose_user2.csv,18.6298,7.6578,30.7020,9.3709
vemg2pose,29ddab35d7,noise,moderate,0.3000,2.0000,20.0044,33.4723,,U2,final_vemg2pose_user2.csv,18.6298,7.3782,30.7020,9.0233
vemg2pose,29ddab35d7,noise,moderate,0.3000,3.0000,20.0504,33.5577,,U2,final_vemg2pose_user2.csv,18.6298,7.6255,30.7020,9.3012
vemg2pose,29ddab35d7,noise,moderate,0.3000,4.0000,19.9918,33.4635,,U2,final_vemg2pose_user2.csv,18.6298,7.3107,30.7020,8.9947
vemg2pose,29ddab35d7,noise,severe,0.6000,0.0000,22.1046,37.5248,,U2,final_vemg2pose_user2.csv,18.6298,18.6517,30.7020,22.2228
vemg2pose,29ddab35d7,noise,severe,0.6000,1.0000,22.2471,37.7562,,U2,final_vemg2pose_user2.csv,18.6298,19.4165,30.7020,22.9764
vemg2pose,29ddab35d7,noise,severe,0.6000,2.0000,22.1252,37.5682,,U2,final_vemg2pose_user2.csv,18.6298,18.7621,30.7020,22.3641
vemg2pose,29ddab35d7,noise,severe,0.6000,3.0000,22.2011,37.6563,,U2,final_vemg2pose_user2.csv,18.6298,19.1695,30.7020,22.6509
vemg2pose,29ddab35d7,noise,severe,0.6000,4.0000,22.1347,37.5540,,U2,final_vemg2pose_user2.csv,18.6298,18.8130,30.7020,22.3180
vemg2pose,29ddab35d7,dropout,mild,1.0000,0.0000,19.5305,32.0964,13,U2,final_vemg2pose_user2.csv,18.6298,4.8345,30.7020,4.5418
vemg2pose,29ddab35d7,dropout,mild,1.0000,1.0000,19.8357,33.6128,7,U2,final_vemg2pose_user2.csv,18.6298,6.4730,30.7020,9.4810
vemg2pose,29ddab35d7,dropout,mild,1.0000,2.0000,19.5305,32.0964,13,U2,final_vemg2pose_user2.csv,18.6298,4.8345,30.7020,4.5418
vemg2pose,29ddab35d7,dropout,mild,1.0000,3.0000,19.6953,32.3386,12,U2,final_vemg2pose_user2.csv,18.6298,5.7193,30.7020,5.3306
vemg2pose,29ddab35d7,dropout,mild,1.0000,4.0000,19.3563,31.8697,11,U2,final_vemg2pose_user2.csv,18.6298,3.8994,30.7020,3.8033
vemg2pose,29ddab35d7,dropout,moderate,2.0000,0.0000,20.8097,34.1839,"10,12",U2,final_vemg2pose_user2.csv,18.6298,11.7008,30.7020,11.3410
vemg2pose,29ddab35d7,dropout,moderate,2.0000,1.0000,21.0016,36.0482,"7,8",U2,final_vemg2pose_user2.csv,18.6298,12.7312,30.7020,17.4131
vemg2pose,29ddab35d7,dropout,moderate,2.0000,2.0000,20.4245,34.4258,"4,12",U2,final_vemg2pose_user2.csv,18.6298,9.6333,30.7020,12.1289
vemg2pose,29ddab35d7,dropout,moderate,2.0000,3.0000,20.2112,33.3606,"1,12",U2,final_vemg2pose_user2.csv,18.6298,8.4883,30.7020,8.6594
vemg2pose,29ddab35d7,dropout,moderate,2.0000,4.0000,19.9517,33.0509,"10,15",U2,final_vemg2pose_user2.csv,18.6298,7.0954,30.7020,7.6508
vemg2pose,29ddab35d7,dropout,severe,4.0000,0.0000,22.8089,39.7688,"4,7,8,11",U2,final_vemg2pose_user2.csv,18.6298,22.4319,30.7020,29.5315
vemg2pose,29ddab35d7,dropout,severe,4.0000,1.0000,21.8273,37.5200,"6,7,11,15",U2,final_vemg2pose_user2.csv,18.6298,17.1631,30.7020,22.2070
vemg2pose,29ddab35d7,dropout,severe,4.0000,2.0000,25.4048,44.1058,"1,3,4,10",U2,final_vemg2pose_user2.csv,18.6298,36.3663,30.7020,43.6576
vemg2pose,29ddab35d7,dropout,severe,4.0000,3.0000,22.8063,38.3908,"1,2,3,10",U2,final_vemg2pose_user2.csv,18.6298,22.4183,30.7020,25.0434
vemg2pose,29ddab35d7,dropout,severe,4.0000,4.0000,23.1747,39.1661,"8,9,13,14",U2,final_vemg2pose_user2.csv,18.6298,24.3954,30.7020,27.5686
vemg2pose,29ddab35d7,amplitude,mild,0.7500,,18.8280,31.1614,,U2,final_vemg2pose_user2.csv,18.6298,1.0637,30.7020,1.4964
vemg2pose,29ddab35d7,amplitude,moderate,0.5000,,19.6092,32.6120,,U2,final_vemg2pose_user2.csv,18.6298,5.2571,30.7020,6.2210
vemg2pose,29ddab35d7,amplitude,severe,0.2500,,21.5186,36.2582,,U2,final_vemg2pose_user2.csv,18.6298,15.5059,30.7020,18.0972
vemg2pose,29ddab35d7,temporal_shift,mild,40.0000,,18.8948,31.1850,,U2,final_vemg2pose_user2.csv,18.6298,1.4222,30.7020,1.5731
vemg2pose,29ddab35d7,temporal_shift,moderate,100.0000,,19.5418,32.3290,,U2,final_vemg2pose_user2.csv,18.6298,4.8952,30.7020,5.2993
vemg2pose,29ddab35d7,temporal_shift,severe,200.0000,,21.0813,35.0896,,U2,final_vemg2pose_user2.csv,18.6298,13.1586,30.7020,14.2909
