model,model_name,user,user_session,perturbation,level,value,n_runs,landmark_clean_mm,landmark_mm_mean,landmark_mm_sd,landmark_pct_mean,landmark_pct_sd,fingertip_clean_mm,fingertip_mm_mean,fingertip_mm_sd,fingertip_pct_mean,fingertip_pct_sd,n_distinct_channel_sets
neuropose,NeuroPose,U1,d387095792,noise,mild,0.1000,5,18.9461,19.8205,0.0096,4.6152,0.0507,30.8150,32.4829,0.0221,5.4126,0.0718,
neuropose,NeuroPose,U1,d387095792,noise,moderate,0.3000,5,18.9461,23.7858,0.0235,25.5444,0.1238,30.8150,39.9459,0.0461,29.6311,0.1496,
neuropose,NeuroPose,U1,d387095792,noise,severe,0.6000,5,18.9461,28.6761,0.0165,51.3563,0.0870,30.8150,48.7762,0.0351,58.2872,0.1139,
vemg2pose,vemg2pose,U1,d387095792,noise,mild,0.1000,5,16.5590,16.9643,0.0101,2.4476,0.0611,27.0511,27.6678,0.0156,2.2799,0.0577,
vemg2pose,vemg2pose,U1,d387095792,noise,moderate,0.3000,5,16.5590,18.9306,0.0659,14.3221,0.3979,27.0511,31.0462,0.1122,14.7690,0.4147,
vemg2pose,vemg2pose,U1,d387095792,noise,severe,0.6000,5,16.5590,21.4468,0.0818,29.5179,0.4943,27.0511,35.2947,0.1279,30.4742,0.4727,
neuropose,NeuroPose,U2,29ddab35d7,noise,mild,0.1000,5,20.1574,21.3412,0.0096,5.8729,0.0477,33.6643,35.9281,0.0110,6.7247,0.0328,
neuropose,NeuroPose,U2,29ddab35d7,noise,moderate,0.3000,5,20.1574,23.6526,0.0817,17.3396,0.4055,33.6643,39.9944,0.1310,18.8038,0.3892,
neuropose,NeuroPose,U2,29ddab35d7,noise,severe,0.6000,5,20.1574,25.4074,0.0560,26.0449,0.2777,33.6643,43.4347,0.0956,29.0232,0.2839,
vemg2pose,vemg2pose,U2,29ddab35d7,noise,mild,0.1000,5,18.6298,18.9185,0.0347,1.5493,0.1864,30.7020,31.3187,0.0612,2.0086,0.1994,
vemg2pose,vemg2pose,U2,29ddab35d7,noise,moderate,0.3000,5,18.6298,20.0099,0.0452,7.4080,0.2429,30.7020,33.4877,0.0851,9.0732,0.2771,
vemg2pose,vemg2pose,U2,29ddab35d7,noise,severe,0.6000,5,18.6298,22.1625,0.0595,18.9626,0.3194,30.7020,37.6119,0.0944,22.5064,0.3074,
neuropose,NeuroPose,U1,d387095792,dropout,mild,1.0000,5,18.9461,19.4398,0.7099,2.6056,3.7470,30.8150,31.7772,1.2505,3.1224,4.0581,4.0000
neuropose,NeuroPose,U1,d387095792,dropout,moderate,2.0000,5,18.9461,20.9146,1.4814,10.3898,7.8190,30.8150,34.1992,2.3918,10.9824,7.7617,5.0000
neuropose,NeuroPose,U1,d387095792,dropout,severe,4.0000,5,18.9461,25.2846,1.3370,33.4553,7.0571,30.8150,41.6596,2.4061,35.1927,7.8082,5.0000
vemg2pose,vemg2pose,U1,d387095792,dropout,mild,1.0000,5,16.5590,17.0647,0.5983,3.0543,3.6134,27.0511,27.8215,1.0533,2.8481,3.8939,4.0000
vemg2pose,vemg2pose,U1,d387095792,dropout,moderate,2.0000,5,16.5590,18.9345,1.5022,14.3459,9.0719,27.0511,30.9772,2.4554,14.5137,9.0769,5.0000
vemg2pose,vemg2pose,U1,d387095792,dropout,severe,4.0000,5,16.5590,22.6630,1.2891,36.8625,7.7851,27.0511,37.1272,2.1130,37.2486,7.8112,5.0000
neuropose,NeuroPose,U2,29ddab35d7,dropout,mild,1.0000,5,20.1574,20.8774,0.1490,3.5717,0.7391,33.6643,34.9218,0.5059,3.7355,1.5028,4.0000
neuropose,NeuroPose,U2,29ddab35d7,dropout,moderate,2.0000,5,20.1574,21.6933,0.3709,7.6196,1.8398,33.6643,36.5434,0.7910,8.5525,2.3496,5.0000
neuropose,NeuroPose,U2,29ddab35d7,dropout,severe,4.0000,5,20.1574,25.4461,1.2187,26.2372,6.0459,33.6643,43.9073,1.8562,30.4269,5.5139,5.0000
vemg2pose,vemg2pose,U2,29ddab35d7,dropout,mild,1.0000,5,18.6298,19.5897,0.1825,5.1521,0.9795,30.7020,32.4028,0.6965,5.5397,2.2685,4.0000
vemg2pose,vemg2pose,U2,29ddab35d7,dropout,moderate,2.0000,5,18.6298,20.4797,0.4287,9.9298,2.3013,30.7020,34.2139,1.1716,11.4386,3.8161,5.0000
vemg2pose,vemg2pose,U2,29ddab35d7,dropout,severe,4.0000,5,18.6298,23.2044,1.3280,24.5550,7.1282,30.7020,39.7903,2.5557,29.6016,8.3242,5.0000
neuropose,NeuroPose,U1,d387095792,amplitude,mild,0.7500,1,18.9461,19.0830,,0.7227,,30.8150,30.9297,,0.3721,,
neuropose,NeuroPose,U1,d387095792,amplitude,moderate,0.5000,1,18.9461,19.9919,,5.5201,,30.8150,32.5268,,5.5551,,
neuropose,NeuroPose,U1,d387095792,amplitude,severe,0.2500,1,18.9461,22.4516,,18.5025,,30.8150,37.0731,,20.3086,,
vemg2pose,vemg2pose,U1,d387095792,amplitude,mild,0.7500,1,16.5590,16.6087,,0.3004,,27.0511,27.0910,,0.1477,,
vemg2pose,vemg2pose,U1,d387095792,amplitude,moderate,0.5000,1,16.5590,17.1744,,3.7167,,27.0511,27.9782,,3.4272,,
vemg2pose,vemg2pose,U1,d387095792,amplitude,severe,0.2500,1,16.5590,19.7051,,18.9999,,27.0511,32.1600,,18.8862,,
neuropose,NeuroPose,U2,29ddab35d7,amplitude,mild,0.7500,1,20.1574,20.1902,,0.1627,,33.6643,33.8183,,0.4576,,
neuropose,NeuroPose,U2,29ddab35d7,amplitude,moderate,0.5000,1,20.1574,20.3691,,1.0503,,33.6643,34.2150,,1.6359,,
neuropose,NeuroPose,U2,29ddab35d7,amplitude,severe,0.2500,1,20.1574,20.9466,,3.9150,,33.6643,35.2672,,4.7615,,
vemg2pose,vemg2pose,U2,29ddab35d7,amplitude,mild,0.7500,1,18.6298,18.8280,,1.0637,,30.7020,31.1614,,1.4964,,
vemg2pose,vemg2pose,U2,29ddab35d7,amplitude,moderate,0.5000,1,18.6298,19.6092,,5.2571,,30.7020,32.6120,,6.2210,,
vemg2pose,vemg2pose,U2,29ddab35d7,amplitude,severe,0.2500,1,18.6298,21.5186,,15.5059,,30.7020,36.2582,,18.0972,,
neuropose,NeuroPose,U1,d387095792,temporal_shift,mild,40.0000,1,18.9461,18.9750,,0.1523,,30.8150,30.8376,,0.0735,,
neuropose,NeuroPose,U1,d387095792,temporal_shift,moderate,100.0000,1,18.9461,19.2273,,1.4844,,30.8150,31.2766,,1.4978,,
neuropose,NeuroPose,U1,d387095792,temporal_shift,severe,200.0000,1,18.9461,20.5863,,8.6569,,30.8150,33.7372,,9.4830,,
vemg2pose,vemg2pose,U1,d387095792,temporal_shift,mild,40.0000,1,16.5590,16.7377,,1.0791,,27.0511,27.3853,,1.2354,,
vemg2pose,vemg2pose,U1,d387095792,temporal_shift,moderate,100.0000,1,16.5590,17.7262,,7.0488,,27.0511,29.1759,,7.8548,,
vemg2pose,vemg2pose,U1,d387095792,temporal_shift,severe,200.0000,1,16.5590,20.1032,,21.4034,,27.0511,33.3072,,23.1272,,
neuropose,NeuroPose,U2,29ddab35d7,temporal_shift,mild,40.0000,1,20.1574,20.2297,,0.3587,,33.6643,33.7950,,0.3884,,
neuropose,NeuroPose,U2,29ddab35d7,temporal_shift,moderate,100.0000,1,20.1574,20.5658,,2.0262,,33.6643,34.3987,,2.1817,,
neuropose,NeuroPose,U2,29ddab35d7,temporal_shift,severe,200.0000,1,20.1574,21.3292,,5.8132,,33.6643,35.7783,,6.2798,,
vemg2pose,vemg2pose,U2,29ddab35d7,temporal_shift,mild,40.0000,1,18.6298,18.8948,,1.4222,,30.7020,31.1850,,1.5731,,
vemg2pose,vemg2pose,U2,29ddab35d7,temporal_shift,moderate,100.0000,1,18.6298,19.5418,,4.8952,,30.7020,32.3290,,5.2993,,
vemg2pose,vemg2pose,U2,29ddab35d7,temporal_shift,severe,200.0000,1,18.6298,21.0813,,13.1586,,30.7020,35.0896,,14.2909,,
