model,user_session,perturbation,level,value,seed,landmark_mm,fingertip_mm,dropped_channels
neuropose,29ddab35d7,baseline,none,,,20.157409183049605,33.66427192041429,
neuropose,29ddab35d7,noise,mild,0.1,0.0,21.330548496569616,35.93075755491095,
neuropose,29ddab35d7,noise,mild,0.1,1.0,21.345800820043532,35.933184801521946,
neuropose,29ddab35d7,noise,mild,0.1,2.0,21.351336269055384,35.93115952055333,
neuropose,29ddab35d7,noise,mild,0.1,3.0,21.331350326538086,35.908778562384136,
neuropose,29ddab35d7,noise,mild,0.1,4.0,21.347111362521932,35.93650940717277,
neuropose,29ddab35d7,noise,moderate,0.3,0.0,23.70320598149704,40.07838394682286,
neuropose,29ddab35d7,noise,moderate,0.3,1.0,23.746885299682617,40.15420603348037,
neuropose,29ddab35d7,noise,moderate,0.3,2.0,23.535572084329896,39.812962289583886,
neuropose,29ddab35d7,noise,moderate,0.3,3.0,23.614350787663863,39.93871275045104,
neuropose,29ddab35d7,noise,moderate,0.3,4.0,23.663069644216765,39.98787818520756,
neuropose,29ddab35d7,noise,severe,0.6,0.0,25.3997240228168,43.43642645367121,
neuropose,29ddab35d7,noise,severe,0.6,1.0,25.479955058986857,43.57422657336219,
neuropose,29ddab35d7,noise,severe,0.6,2.0,25.34973176859193,43.342931715108584,
neuropose,29ddab35d7,noise,severe,0.6,3.0,25.359859692848335,43.349048743813725,
neuropose,29ddab35d7,noise,severe,0.6,4.0,25.447673409672106,43.470947200969114,
neuropose,29ddab35d7,dropout,mild,1.0,0.0,20.773658170538432,34.62090611861924,13
neuropose,29ddab35d7,dropout,mild,1.0,1.0,21.10299343173787,35.716234304137146,7
neuropose,29ddab35d7,dropout,mild,1.0,2.0,20.773658170538432,34.62090611861924,13
neuropose,29ddab35d7,dropout,mild,1.0,3.0,20.778267844248628,34.514803482314285,12
neuropose,29ddab35d7,dropout,mild,1.0,4.0,20.958302287732142,35.136087320618714,11
neuropose,29ddab35d7,dropout,moderate,2.0,0.0,21.9515568361444,36.82121845827265,"10,12"
neuropose,29ddab35d7,dropout,moderate,2.0,1.0,21.67547397290246,36.91963868221994,"7,8"
neuropose,29ddab35d7,dropout,moderate,2.0,2.0,22.14927320965266,37.418946670273606,"4,12"
neuropose,29ddab35d7,dropout,moderate,2.0,3.0,21.217090186426194,35.361829466738946,"1,12"
neuropose,29ddab35d7,dropout,moderate,2.0,4.0,21.473257905345854,36.195406186378605,"10,15"
neuropose,29ddab35d7,dropout,severe,4.0,0.0,24.986833927995068,43.497360423459845,"4,7,8,11"
neuropose,29ddab35d7,dropout,severe,4.0,1.0,24.728593599998344,43.38143662274894,"6,7,11,15"
neuropose,29ddab35d7,dropout,severe,4.0,2.0,27.497734554743364,47.00006601365946,"1,3,4,10"
neuropose,29ddab35d7,dropout,severe,4.0,3.0,25.567128553228862,43.67889203863629,"1,2,3,10"
neuropose,29ddab35d7,dropout,severe,4.0,4.0,24.450428235328804,41.9785220259327,"8,9,13,14"
neuropose,29ddab35d7,amplitude,mild,0.75,,20.190196829327082,33.818327887583585,
neuropose,29ddab35d7,amplitude,moderate,0.5,,20.369122133416646,34.21499152102713,
neuropose,29ddab35d7,amplitude,severe,0.25,,20.946567664712163,35.26720101954573,
neuropose,29ddab35d7,temporal_shift,mild,40.0,,20.22970729763225,33.79503696247683,
neuropose,29ddab35d7,temporal_shift,moderate,100.0,,20.565844745959264,34.39872295573606,
neuropose,29ddab35d7,temporal_shift,severe,200.0,,21.32920818005578,35.778307252011054,
